{
  "MAE": 256.76971435546875,
  "MSE": 131868.0,
  "RMSE": 363.1363525390625,
  "MAPE": 21.96441888809204,
  "R2": 0.8774428367614746
}