{
  "train_loss": [
    0.800694140791893,
    0.8054138660430908,
    0.7109042704105377,
    0.5499170184135437,
    0.632300078868866,
    0.6440408647060394,
    0.5628338783979416,
    0.5877486482262612,
    0.47885075211524963,
    0.4753756642341614,
    0.43815527856349945,
    0.5273226886987686,
    0.4224512740969658,
    0.4695851236581802,
    0.349690580368042,
    0.3461111605167389,
    0.2617079809308052,
    0.3194680690765381,
    0.2852386742830276,
    0.3535496324300766,
    0.22446806728839874,
    0.34194670915603637,
    0.3474639967083931,
    0.2913284689188004,
    0.2106656849384308,
    0.2224694810807705,
    0.21140485107898713,
    0.24704260230064393,
    0.2321652963757515,
    0.18773591816425322,
    0.29612795263528824,
    0.18733287006616592,
    0.2556106194853783,
    0.20690162479877472,
    0.21358616650104523,
    0.13776396811008454,
    0.21493513882160187,
    0.27747844010591505,
    0.19709791541099547,
    0.1818518728017807,
    0.12633251324295997,
    0.1815004125237465,
    0.1784413516521454,
    0.2285314455628395,
    0.15816730335354806,
    0.17904020696878434,
    0.16172988414764405,
    0.2660860225558281,
    0.21712243407964707,
    0.21211689263582229,
    0.1739722177386284,
    0.22520747780799866,
    0.12371746227145194,
    0.1737315535545349
  ],
  "val_loss": [
    1.431869387626648,
    1.5489474534988403,
    0.8874415159225464,
    0.6117289066314697,
    0.5955565571784973,
    0.5920842289924622,
    0.5155773758888245,
    0.5720803737640381,
    0.5382477045059204,
    0.5496938824653625,
    0.3599233329296112,
    0.6567280292510986,
    0.6877068281173706,
    0.4872913658618927,
    0.5247591137886047,
    0.5671998858451843,
    0.6388605237007141,
    0.40057915449142456,
    0.40280190110206604,
    0.2813923954963684,
    0.27317798137664795,
    0.24753384292125702,
    0.2729937434196472,
    0.22642749547958374,
    0.2293127179145813,
    0.16517214477062225,
    0.1509428471326828,
    0.16859126091003418,
    0.17638373374938965,
    0.19300082325935364,
    0.1693282127380371,
    0.19846881926059723,
    0.16258494555950165,
    0.17353323101997375,
    0.17748184502124786,
    0.14203402400016785,
    0.15300041437149048,
    0.16025908291339874,
    0.09600988775491714,
    0.1459800899028778,
    0.13994094729423523,
    0.15421046316623688,
    0.1425197869539261,
    0.09763100743293762,
    0.11523807793855667,
    0.124605692923069,
    0.14697900414466858,
    0.14691834151744843,
    0.139826700091362,
    0.145791694521904,
    0.1599481850862503,
    0.1261817365884781,
    0.1219777762889862,
    0.16041024029254913
  ],
  "train_mae": [
    514.6188934326171,
    543.1645935058593,
    512.6687316894531,
    458.59498901367186,
    528.3483947753906,
    502.4060852050781,
    466.52476806640624,
    469.7869079589844,
    437.1000671386719,
    456.9975219726563,
    439.39067993164065,
    496.28130493164065,
    441.6803833007813,
    478.2807678222656,
    405.4466186523438,
    406.64057006835935,
    323.42979736328124,
    374.0093994140625,
    371.11542358398435,
    388.0716033935547,
    314.5215148925781,
    377.2578857421875,
    353.9738433837891,
    369.08892211914065,
    296.21917114257815,
    293.62415771484376,
    321.5179382324219,
    304.3070129394531,
    334.7735595703125,
    266.2604248046875,
    308.25770568847656,
    289.64702758789065,
    318.59035034179686,
    301.5814575195312,
    276.0196044921875,
    266.99253234863284,
    314.99225158691405,
    355.4105926513672,
    301.3580352783203,
    267.3923843383789,
    258.541552734375,
    262.9873870849609,
    274.8605651855469,
    325.94248962402344,
    255.75549926757813,
    296.8329650878906,
    289.26198120117186,
    306.2342498779297,
    309.17503662109374,
    277.3192169189453,
    271.17966613769534,
    327.9517028808594,
    238.8530700683594,
    275.2399566650391
  ],
  "val_mae": [
    878.6450805664062,
    946.5628662109375,
    573.9747924804688,
    520.4697875976562,
    498.97052001953125,
    472.43829345703125,
    466.19891357421875,
    486.2274169921875,
    490.7231750488281,
    482.4742126464844,
    445.0325927734375,
    693.435791015625,
    699.6561889648438,
    507.7358093261719,
    505.2657775878906,
    548.153564453125,
    617.380126953125,
    409.0791931152344,
    433.1862487792969,
    350.67938232421875,
    380.2609558105469,
    361.70855712890625,
    390.3883361816406,
    349.4095153808594,
    362.6356201171875,
    305.7455749511719,
    292.0122985839844,
    313.39324951171875,
    330.37420654296875,
    317.7670593261719,
    293.27532958984375,
    319.51873779296875,
    284.73052978515625,
    315.9144592285156,
    315.7824401855469,
    271.895751953125,
    273.36212158203125,
    292.68212890625,
    237.88018798828125,
    260.7416687011719,
    261.6396789550781,
    269.638916015625,
    269.37603759765625,
    212.59466552734375,
    238.61024475097656,
    256.44500732421875,
    279.27593994140625,
    285.91949462890625,
    279.9679870605469,
    286.6272888183594,
    300.53656005859375,
    272.2686462402344,
    262.843505859375,
    307.5594482421875
  ],
  "lr": [
    0.001,
    0.001,
    0.001,
    0.001,
    0.001,
    0.001,
    0.001,
    0.001,
    0.001,
    0.001,
    0.001,
    0.001,
    0.001,
    0.001,
    0.001,
    0.001,
    0.001,
    0.001,
    0.001,
    0.001,
    0.0005,
    0.0005,
    0.0005,
    0.0005,
    0.0005,
    0.0005,
    0.0005,
    0.0005,
    0.0005,
    0.0005,
    0.0005,
    0.0005,
    0.0005,
    0.0005,
    0.0005,
    0.0005,
    0.0005,
    0.0005,
    0.0005,
    0.0005,
    0.00025,
    0.00025,
    0.00025,
    0.00025,
    0.00025,
    0.00025,
    0.00025,
    0.00025,
    0.00025,
    0.00025,
    0.00025,
    0.00025,
    0.00025,
    0.00025
  ]
}